{"id": 0.0006701141885224317, "rz": 0.0, "sx": 0.0006701141885224317, "x": 0.0006701141885224317}