{"cx": 0.05030503738331527, "id": 0.0011575637053503494, "rz": 0.0, "sx": 0.0011575637053503494, "x": 0.0011575637053503494}