{"cx": 0.009805832311586207, "id": 0.00034348707697083553, "rz": 0.0, "sx": 0.00034348707697083553, "x": 0.00034348707697083553}