{"cx": 0.014708748467379308, "id": 0.0005152306154562532, "rz": 0.0, "sx": 0.0005152306154562532, "x": 0.0005152306154562532}