{"cx": 0.019611664623172414, "id": 0.0006869741539416711, "rz": 0.0, "sx": 0.0006869741539416711, "x": 0.0006869741539416711}