{"cx": 0.024514580778965515, "id": 0.0008587176924270888, "rz": 0.0, "sx": 0.0008587176924270888, "x": 0.0008587176924270888}