{"cx": 0.04902916155793103, "id": 0.0017174353848541776, "rz": 0.0, "sx": 0.0017174353848541776, "x": 0.0017174353848541776}