{"cx": 0.0049029161557931035, "id": 0.00017174353848541777, "rz": 0.0, "sx": 0.00017174353848541777, "x": 0.00017174353848541777}