{"cx": 0.012257290389482757, "id": 0.0004293588462135444, "rz": 0.0, "sx": 0.0004293588462135444, "x": 0.0004293588462135444}