{"cx": 0.007354374233689654, "id": 0.0002576153077281266, "rz": 0.0, "sx": 0.0002576153077281266, "x": 0.0002576153077281266}