{"cx": 0.01716020654527586, "id": 0.0006011023846989621, "rz": 0.0, "sx": 0.0006011023846989621, "x": 0.0006011023846989621}