{"5021702372": 23864.342999999964, "5021702615": 23848.109999999986}