{"8566615329": 41906.475000000035, "8566615330": 41997.32800000004}