{"3487102251": 41948.70200000002, "3487102252": 42039.55500000002}