{"1937420295": 41911.07300000003, "1937420296": 42001.926000000036}