{"502588644": 41930.92100000003, "502588645": 42021.774000000034}