{"5409122861": 23842.43299999996, "5409123104": 23826.199999999983}