{"8179194840": 41928.38500000001, "8179194841": 42019.23800000001}