{"818205549": 41925.40000000002, "818205550": 42016.253000000026}