{"3874522740": 41926.792000000016, "3874522741": 42017.64500000002}