{"5796543350": 23795.150999999983, "5796543593": 23778.918000000005}